﻿Grupo de idade;População feminina(pessoas);População masculina(pessoas);Município;Sigla UF;Código do Município
100 anos ou mais;15;9;Americana ;SP;3501608
95 a 99 anos;134;46;Americana ;SP;3501608
90 a 94 anos;564;248;Americana ;SP;3501608
85 a 89 anos;1277;646;Americana ;SP;3501608
80 a 84 anos;2104;1367;Americana ;SP;3501608
75 a 79 anos;3171;2193;Americana ;SP;3501608
70 a 74 anos;4466;3564;Americana ;SP;3501608
65 a 69 anos;6020;5156;Americana ;SP;3501608
60 a 64 anos;7667;6413;Americana ;SP;3501608
55 a 59 anos;8151;7203;Americana ;SP;3501608
50 a 54 anos;8520;7819;Americana ;SP;3501608
45 a 49 anos;8740;8055;Americana ;SP;3501608
40 a 44 anos;10270;9727;Americana ;SP;3501608
35 a 39 anos;10171;9880;Americana ;SP;3501608
30 a 34 anos;9450;9388;Americana ;SP;3501608
25 a 29 anos;8585;8628;Americana ;SP;3501608
20 a 24 anos;7462;7650;Americana ;SP;3501608
15 a 19 anos;6832;6926;Americana ;SP;3501608
10 a 14 anos;6443;6699;Americana ;SP;3501608
5 a 9 anos;6624;6656;Americana ;SP;3501608
0 a 4 anos;6079;6222;Americana ;SP;3501608
